"CubeId";"concon"
"PublishingDate";"2023-10-23 09:00"

"Date";"D0";"Value"
"2005-Q1";"VW";"-28.20037106"
"2005-Q1";"EW";"4.43998739"
"2005-Q1";"VP";"62.59259259"
"2005-Q1";"EP";"44.63919616"
"2005-Q1";"SA";"-97.63483372"
"2005-Q1";"EA";
"2005-Q1";"VL";"-11.73472008"
"2005-Q1";"EL";"5.91958507"
"2005-Q1";"ASSS";"44.05638044"
"2005-Q1";"ZA";"-21.97565453"
"2005-Q1";"ESSS";
"2005-Q1";"AIK";"1.1120159"
"2005-Q1";"NIK";"-5.83770054"
"2005-Q2";"VW";"-24.03393025"
"2005-Q2";"EW";"-1.07803796"
"2005-Q2";"VP";"51.10497238"
"2005-Q2";"EP";"34.73771141"
"2005-Q2";"SA";"-100.56426685"
"2005-Q2";"EA";
"2005-Q2";"VL";"-10.74103836"
"2005-Q2";"EL";"3.97018189"
"2005-Q2";"ASSS";"43.68510398"
"2005-Q2";"ZA";"-23.03633349"
"2005-Q2";"ESSS";
"2005-Q2";"AIK";"-2.62169837"
"2005-Q2";"NIK";"-7.72130698"
"2005-Q3";"VW";"-35.31100478"
"2005-Q3";"EW";"-12.44618849"
"2005-Q3";"VP";"59.66542751"
"2005-Q3";"EP";"46.53313599"
"2005-Q3";"SA";"-107.6491315"
"2005-Q3";"EA";
"2005-Q3";"VL";"-10.44216558"
"2005-Q3";"EL";"3.42837884"
"2005-Q3";"ASSS";"39.71782402"
"2005-Q3";"ZA";"-16.42046855"
"2005-Q3";"ESSS";
"2005-Q3";"AIK";"-8.57667516"
"2005-Q3";"NIK";"-8.97011095"
"2005-Q4";"VW";"-33.05164319"
"2005-Q4";"EW";"-7.92314615"
"2005-Q4";"VP";"62.3255814"
"2005-Q4";"EP";"45.69483646"
"2005-Q4";"SA";"-100.02676412"
"2005-Q4";"EA";
"2005-Q4";"VL";"-11.9897175"
"2005-Q4";"EL";"4.66023565"
"2005-Q4";"ASSS";"48.48901585"
"2005-Q4";"ZA";"-17.01981775"
"2005-Q4";"ESSS";
"2005-Q4";"AIK";"-5.69922558"
"2005-Q4";"NIK";"-8.06811144"
"2006-Q1";"VW";"0"
"2006-Q1";"EW";"23.69204712"
"2006-Q1";"VP";"51.80388529"
"2006-Q1";"EP";"42.61897063"
"2006-Q1";"SA";"-85.56330039"
"2006-Q1";"EA";
"2006-Q1";"VL";"-4.58352417"
"2006-Q1";"EL";"5.3119579"
"2006-Q1";"ASSS";"44.96417894"
"2006-Q1";"ZA";"-14.87657513"
"2006-Q1";"ESSS";
"2006-Q1";"AIK";"10.43423218"
"2006-Q1";"NIK";"2.38597643"
"2006-Q2";"VW";"15.46589817"
"2006-Q2";"EW";"15.7436381"
"2006-Q2";"VP";"51.63398693"
"2006-Q2";"EP";"48.60324373"
"2006-Q2";"SA";"-71.78175771"
"2006-Q2";"EA";
"2006-Q2";"VL";"-2.97925896"
"2006-Q2";"EL";"5.65810546"
"2006-Q2";"ASSS";"41.76022253"
"2006-Q2";"ZA";"-13.04376678"
"2006-Q2";"ESSS";
"2006-Q2";"AIK";"6.63310145"
"2006-Q2";"NIK";"1.34467946"
"2006-Q3";"VW";"34.31839847"
"2006-Q3";"EW";"25.02614701"
"2006-Q3";"VP";"62.54681648"
"2006-Q3";"EP";"49.5099266"
"2006-Q3";"SA";"-49.73140904"
"2006-Q3";"EA";
"2006-Q3";"VL";"-5.08502857"
"2006-Q3";"EL";"11.11093628"
"2006-Q3";"ASSS";"41.57679525"
"2006-Q3";"ZA";"-13.26283832"
"2006-Q3";"ESSS";
"2006-Q3";"AIK";"14.00077131"
"2006-Q3";"NIK";"4.4473041"
"2006-Q4";"VW";"41.06280193"
"2006-Q4";"EW";"23.38585196"
"2006-Q4";"VP";"58.48880597"
"2006-Q4";"EP";"49.7109675"
"2006-Q4";"SA";"-44.52787447"
"2006-Q4";"EA";
"2006-Q4";"VL";"-5.66680538"
"2006-Q4";"EL";"6.44324304"
"2006-Q4";"ASSS";"40.80168441"
"2006-Q4";"ZA";"-6.59492241"
"2006-Q4";"ESSS";
"2006-Q4";"AIK";"10.84677717"
"2006-Q4";"NIK";"4.3918418"
"2007-Q1";"VW";"43.56530029"
"2007-Q1";"EW";"24.70089682"
"2007-Q1";"VP";"51.81058496"
"2007-Q1";"EP";"43.67776895"
"2007-Q1";"SA";"-36.63313253"
"2007-Q1";"EA";
"2007-Q1";"VL";"-2.53474291"
"2007-Q1";"EL";"6.09537539"
"2007-Q1";"ASSS";"39.12130866"
"2007-Q1";"ZA";"-11.26788753"
"2007-Q1";"ESSS";
"2007-Q1";"AIK";"11.33036577"
"2007-Q1";"NIK";"4.24841044"
"2007-Q2";"VW";"48.1086324"
"2007-Q2";"EW";"27.48408564"
"2007-Q2";"VP";"50.83798883"
"2007-Q2";"EP";"46.94380166"
"2007-Q2";"SA";"-27.41166418"
"2007-Q2";"EA";"-7.61523046"
"2007-Q2";"VL";"-0.20495364"
"2007-Q2";"EL";"9.73555948"
"2007-Q2";"ASSS";"44.43125671"
"2007-Q2";"ZA";"-15.2002682"
"2007-Q2";"ESSS";"13.33333333"
"2007-Q2";"AIK";"14.54205223"
"2007-Q2";"NIK";"5.45360582"
"2007-Q3";"VW";"43.49056604"
"2007-Q3";"EW";"22.26819168"
"2007-Q3";"VP";"62.95620438"
"2007-Q3";"EP";"56.4889845"
"2007-Q3";"SA";"-32.35190553"
"2007-Q3";"EA";"3.32681018"
"2007-Q3";"VL";"-2.30097517"
"2007-Q3";"EL";"6.44474492"
"2007-Q3";"ASSS";"36.18275271"
"2007-Q3";"ZA";"-14.82057605"
"2007-Q3";"ESSS";"9.05730129"
"2007-Q3";"AIK";"8.61085693"
"2007-Q3";"NIK";"2.89784635"
"2007-Q4";"VW";"35.71428571"
"2007-Q4";"EW";"15.60503459"
"2007-Q4";"VP";"76.21671258"
"2007-Q4";"EP";"78.92522487"
"2007-Q4";"SA";"-13.11049474"
"2007-Q4";"EA";"11.65919283"
"2007-Q4";"VL";"-1.00025154"
"2007-Q4";"EL";"13.31724049"
"2007-Q4";"ASSS";"46.88692043"
"2007-Q4";"ZA";"-12.00038282"
"2007-Q4";"ESSS";"47.96747967"
"2007-Q4";"AIK";"16.30764048"
"2007-Q4";"NIK";"3.98041018"
"2008-Q1";"VW";"30.67426401"
"2008-Q1";"EW";"-10.10919435"
"2008-Q1";"VP";"91.94444444"
"2008-Q1";"EP";"87.49455529"
"2008-Q1";"SA";"-12.80934506"
"2008-Q1";"EA";"12.52446184"
"2008-Q1";"VL";"1.45478321"
"2008-Q1";"EL";"4.98026355"
"2008-Q1";"ASSS";"43.82837122"
"2008-Q1";"ZA";"-10.60526282"
"2008-Q1";"ESSS";"31.97026022"
"2008-Q1";"AIK";"3.5792169"
"2008-Q1";"NIK";"-3.5698526"
"2008-Q2";"VW";"2.36294896"
"2008-Q2";"EW";"-22.51133808"
"2008-Q2";"VP";"96.02954755"
"2008-Q2";"EP";"83.72146408"
"2008-Q2";"SA";"-27.81952599"
"2008-Q2";"EA";"24.59485224"
"2008-Q2";"VL";"-4.92487524"
"2008-Q2";"EL";"5.94988159"
"2008-Q2";"ASSS";"50.65853633"
"2008-Q2";"ZA";"-5.4474877"
"2008-Q2";"ESSS";"36.63177926"
"2008-Q2";"AIK";"-1.13113237"
"2008-Q2";"NIK";"-6.73345486"
"2008-Q3";"VW";"-25.09469697"
"2008-Q3";"EW";"-44.67611971"
"2008-Q3";"VP";"118.78453039"
"2008-Q3";"EP";"99.19078004"
"2008-Q3";"SA";"-23.45886817"
"2008-Q3";"EA";"33.94941634"
"2008-Q3";"VL";"-15.69310164"
"2008-Q3";"EL";"-7.51142054"
"2008-Q3";"ASSS";"44.30648021"
"2008-Q3";"ZA";"-21.31713875"
"2008-Q3";"ESSS";"19.88636364"
"2008-Q3";"AIK";"-16.56264824"
"2008-Q3";"NIK";"-22.29944516"
"2008-Q4";"VW";"-57.4108818"
"2008-Q4";"EW";"-56.76740662"
"2008-Q4";"VP";"110.14760148"
"2008-Q4";"EP";"70.32501911"
"2008-Q4";"SA";"-60.04511333"
"2008-Q4";"EA";"75.85877863"
"2008-Q4";"VL";"-12.49861208"
"2008-Q4";"EL";"-7.18598057"
"2008-Q4";"ASSS";"38.13881614"
"2008-Q4";"ZA";"-21.32015951"
"2008-Q4";"ESSS";"3.96600567"
"2008-Q4";"AIK";"-33.96154004"
"2008-Q4";"NIK";"-24.4430397"
"2009-Q1";"VW";"-63.98503274"
"2009-Q1";"EW";"-58.32720707"
"2009-Q1";"VP";"35.11235955"
"2009-Q1";"EP";"-4.29032502"
"2009-Q1";"SA";"-97.03352789"
"2009-Q1";"EA";"110.85714286"
"2009-Q1";"VL";"-9.88479272"
"2009-Q1";"EL";"0.49900145"
"2009-Q1";"ASSS";"37.5545851"
"2009-Q1";"ZA";"-6.13779788"
"2009-Q1";"ESSS";"14.44976077"
"2009-Q1";"AIK";"-38.55889693"
"2009-Q1";"NIK";"-18.46269906"
"2009-Q2";"VW";"-96.30655586"
"2009-Q2";"EW";"-67.1927734"
"2009-Q2";"VP";"29.98137803"
"2009-Q2";"EP";"10.98105227"
"2009-Q2";"SA";"-127.17039899"
"2009-Q2";"EA";"130.3142329"
"2009-Q2";"VL";"-11.94010396"
"2009-Q2";"EL";"-7.11358984"
"2009-Q2";"ASSS";"36.31744607"
"2009-Q2";"ZA";"-2.33498817"
"2009-Q2";"ESSS";"4.01119403"
"2009-Q2";"AIK";"-50.15235053"
"2009-Q2";"NIK";"-22.14536384"
"2009-Q3";"VW";"-100.27829314"
"2009-Q3";"EW";"-32.16714904"
"2009-Q3";"VP";"39.1627907"
"2009-Q3";"EP";"24.48206689"
"2009-Q3";"SA";"-127.4323965"
"2009-Q3";"EA";"117.18020542"
"2009-Q3";"VL";"-14.32607864"
"2009-Q3";"EL";"-7.38518529"
"2009-Q3";"ASSS";"38.67017208"
"2009-Q3";"ZA";"1.46578628"
"2009-Q3";"ESSS";"1.68539326"
"2009-Q3";"AIK";"-38.76178662"
"2009-Q3";"NIK";"-13.10315667"
"2009-Q4";"VW";"-74.69654528"
"2009-Q4";"EW";"22.0596599"
"2009-Q4";"VP";"27.53222836"
"2009-Q4";"EP";"35.79030154"
"2009-Q4";"SA";"-117.17436567"
"2009-Q4";"EA";"87.91312559"
"2009-Q4";"VL";"-12.02054165"
"2009-Q4";"EL";"2.17751478"
"2009-Q4";"ASSS";"36.27346805"
"2009-Q4";"ZA";"0.61009812"
"2009-Q4";"ESSS";"13.00280636"
"2009-Q4";"AIK";"-12.66828614"
"2009-Q4";"NIK";"3.20668279"
"2010-Q1";"VW";"-58.29471733"
"2010-Q1";"EW";"22.66440482"
"2010-Q1";"VP";"32.87165282"
"2010-Q1";"EP";"39.5234978"
"2010-Q1";"SA";"-105.00648991"
"2010-Q1";"EA";"77.08920188"
"2010-Q1";"VL";"-16.8261097"
"2010-Q1";"EL";"3.72122465"
"2010-Q1";"ASSS";"34.93614611"
"2010-Q1";"ZA";"5.7825334"
"2010-Q1";"ESSS";"19.42110177"
"2010-Q1";"AIK";"-7.82061766"
"2010-Q1";"NIK";"3.83551329"
"2010-Q2";"VW";"-7.35849057"
"2010-Q2";"EW";"40.7295236"
"2010-Q2";"VP";"54.36619718"
"2010-Q2";"EP";"55.7227906"
"2010-Q2";"SA";"-72.41043404"
"2010-Q2";"EA";"8.44402277"
"2010-Q2";"VL";"-14.08866751"
"2010-Q2";"EL";"6.15786733"
"2010-Q2";"ASSS";"35.3205832"
"2010-Q2";"ZA";"-2.1396547"
"2010-Q2";"ESSS";"14.85335856"
"2010-Q2";"AIK";"13.32418168"
"2010-Q2";"NIK";"7.66476718"
"2010-Q3";"VW";"5.27289547"
"2010-Q3";"EW";"33.67835883"
"2010-Q3";"VP";"37.92784459"
"2010-Q3";"EP";"33.39348851"
"2010-Q3";"SA";"-56.86906521"
"2010-Q3";"EA";"6.26168224"
"2010-Q3";"VL";"-8.7575048"
"2010-Q3";"EL";"11.25132109"
"2010-Q3";"ASSS";"44.58655378"
"2010-Q3";"ZA";"3.03922277"
"2010-Q3";"ESSS";"27.12962963"
"2010-Q3";"AIK";"16.44940683"
"2010-Q3";"NIK";"9.80284947"
"2010-Q4";"VW";"15.72617946"
"2010-Q4";"EW";"22.67063845"
"2010-Q4";"VP";"49.07749077"
"2010-Q4";"EP";"46.64441237"
"2010-Q4";"SA";"-51.3486358"
"2010-Q4";"EA";"17.48582231"
"2010-Q4";"VL";"-9.99397157"
"2010-Q4";"EL";"4.41111933"
"2010-Q4";"ASSS";"38.17957414"
"2010-Q4";"ZA";"5.93520109"
"2010-Q4";"ESSS";"24.1509434"
"2010-Q4";"AIK";"8.43671972"
"2010-Q4";"NIK";"5.75574682"
"2011-Q1";"VW";"16.65089877"
"2011-Q1";"EW";"13.92952386"
"2011-Q1";"VP";"34.3836886"
"2011-Q1";"EP";"42.69941152"
"2011-Q1";"SA";"-42.97832313"
"2011-Q1";"EA";"11.56787763"
"2011-Q1";"VL";"-8.69594885"
"2011-Q1";"EL";"3.871489"
"2011-Q1";"ASSS";"40.3841738"
"2011-Q1";"ZA";"1.48543954"
"2011-Q1";"ESSS";"29.8013245"
"2011-Q1";"AIK";"9.00861493"
"2011-Q1";"NIK";"2.64762589"
"2011-Q2";"VW";"12.79178338"
"2011-Q2";"EW";"10.89481056"
"2011-Q2";"VP";"64.17359187"
"2011-Q2";"EP";"72.91754852"
"2011-Q2";"SA";"-23.77353244"
"2011-Q2";"EA";"16.31274131"
"2011-Q2";"VL";"-4.9202508"
"2011-Q2";"EL";"4.54915541"
"2011-Q2";"ASSS";"24.95688133"
"2011-Q2";"ZA";"-1.29780912"
"2011-Q2";"ESSS";"-9.06403941"
"2011-Q2";"AIK";"-2.48320369"
"2011-Q2";"NIK";"2.30647651"
"2011-Q3";"VW";"-5.09615385"
"2011-Q3";"EW";"-21.04351026"
"2011-Q3";"VP";"40.44526902"
"2011-Q3";"EP";"35.96046012"
"2011-Q3";"SA";"-55.75590198"
"2011-Q3";"EA";"53.73563218"
"2011-Q3";"VL";"-10.30513983"
"2011-Q3";"EL";"0.07990326"
"2011-Q3";"ASSS";"40.13180915"
"2011-Q3";"ZA";"-0.33759519"
"2011-Q3";"ESSS";"8.85956645"
"2011-Q3";"AIK";"-16.45991818"
"2011-Q3";"NIK";"-7.9015855"
"2011-Q4";"VW";"-41.62679426"
"2011-Q4";"EW";"-33.66606079"
"2011-Q4";"VP";"-6.36108513"
"2011-Q4";"EP";"6.39295317"
"2011-Q4";"SA";"-70.85042947"
"2011-Q4";"EA";"72.57751938"
"2011-Q4";"VL";"-7.25327344"
"2011-Q4";"EL";"-1.23635953"
"2011-Q4";"ASSS";"41.97631876"
"2011-Q4";"ZA";"14.6073975"
"2011-Q4";"ESSS";"15.71969697"
"2011-Q4";"AIK";"-22.94006068"
"2011-Q4";"NIK";"-6.88707406"
"2012-Q1";"VW";"-47.11359404"
"2012-Q1";"EW";"-30.50733279"
"2012-Q1";"VP";"9.88909427"
"2012-Q1";"EP";"27.60739922"
"2012-Q1";"SA";"-76.37859071"
"2012-Q1";"EA";"71.21354657"
"2012-Q1";"VL";"-12.64058254"
"2012-Q1";"EL";"-0.67280037"
"2012-Q1";"ASSS";"38.52592917"
"2012-Q1";"ZA";"11.61478889"
"2012-Q1";"ESSS";"21.50234742"
"2012-Q1";"AIK";"-20.22283308"
"2012-Q1";"NIK";"-8.0514817"
"2012-Q2";"VW";"-17.66190076"
"2012-Q2";"EW";"-5.20858023"
"2012-Q2";"VP";"31.64029975"
"2012-Q2";"EP";"37.18440286"
"2012-Q2";"SA";"-65.14826312"
"2012-Q2";"EA";"48.76805438"
"2012-Q2";"VL";"-10.23749168"
"2012-Q2";"EL";"-1.33179399"
"2012-Q2";"ASSS";"41.2931937"
"2012-Q2";"ZA";"0.32894031"
"2012-Q2";"ESSS";"19.91561181"
"2012-Q2";"AIK";"-8.8482042"
"2012-Q2";"NIK";"-4.1122314"
"2012-Q3";"VW";"-24.13793103"
"2012-Q3";"EW";"-19.02567999"
"2012-Q3";"VP";"21.62162162"
"2012-Q3";"EP";"30.25781013"
"2012-Q3";"SA";"-73.92352076"
"2012-Q3";"EA";"61.79159049"
"2012-Q3";"VL";"-9.96827181"
"2012-Q3";"EL";"-1.68172981"
"2012-Q3";"ASSS";"41.35183186"
"2012-Q3";"ZA";"-0.05219145"
"2012-Q3";"ESSS";"15.2173913"
"2012-Q3";"AIK";"-16.82040225"
"2012-Q3";"NIK";"-7.68196826"
"2012-Q4";"VW";"-21.98088619"
"2012-Q4";"EW";"-19.26470755"
"2012-Q4";"VP";"32.15211755"
"2012-Q4";"EP";"34.34045542"
"2012-Q4";"SA";"-69.30036107"
"2012-Q4";"EA";"66.54960492"
"2012-Q4";"VL";"-6.05287109"
"2012-Q4";"EL";"-0.56295989"
"2012-Q4";"ASSS";"49.30040857"
"2012-Q4";"ZA";"2.48433705"
"2012-Q4";"ESSS";"24.76190476"
"2012-Q4";"AIK";"-15.4038419"
"2012-Q4";"NIK";"-5.84905037"
"2013-Q1";"VW";"-9.73971453"
"2013-Q1";"EW";"-1.54079685"
"2013-Q1";"VP";"24.64375524"
"2013-Q1";"EP";"38.2972691"
"2013-Q1";"SA";"-72.65175669"
"2013-Q1";"EA";"62.08651399"
"2013-Q1";"VL";"-3.7417567"
"2013-Q1";"EL";"2.28508599"
"2013-Q1";"ASSS";"47.18186443"
"2013-Q1";"ZA";"4.11888696"
"2013-Q1";"ESSS";"34.12362405"
"2013-Q1";"AIK";"-6.8046502"
"2013-Q1";"NIK";"0.28035485"
"2013-Q2";"VW";"-6.62373505"
"2013-Q2";"EW";"0.24280862"
"2013-Q2";"VP";"32.48638838"
"2013-Q2";"EP";"37.89193821"
"2013-Q2";"SA";"-66.24516498"
"2013-Q2";"EA";"47.12328767"
"2013-Q2";"VL";"-11.28413242"
"2013-Q2";"EL";"1.04005532"
"2013-Q2";"ASSS";"41.14861587"
"2013-Q2";"ZA";"4.62244852"
"2013-Q2";"ESSS";"23.40036563"
"2013-Q2";"AIK";"-5.61001453"
"2013-Q2";"NIK";"-1.34470499"
"2013-Q3";"VW";"-9.21288014"
"2013-Q3";"EW";"-5.10962579"
"2013-Q3";"VP";"44.02460457"
"2013-Q3";"EP";"51.57651342"
"2013-Q3";"SA";"-70.28530715"
"2013-Q3";"EA";"54.01785714"
"2013-Q3";"VL";"-6.17937231"
"2013-Q3";"EL";"0.9569917"
"2013-Q3";"ASSS";"46.66094535"
"2013-Q3";"ZA";"1.47503346"
"2013-Q3";"ESSS";"25.88967972"
"2013-Q3";"AIK";"-8.07020288"
"2013-Q3";"NIK";"-2.21424323"
"2013-Q4";"VW";"2.72479564"
"2013-Q4";"EW";"5.19946201"
"2013-Q4";"VP";"43.24324324"
"2013-Q4";"EP";"49.54131284"
"2013-Q4";"SA";"-52.36958643"
"2013-Q4";"EA";"44.53551913"
"2013-Q4";"VL";"-3.87333242"
"2013-Q4";"EL";"1.31460206"
"2013-Q4";"ASSS";"42.62468065"
"2013-Q4";"ZA";"-1.3651666"
"2013-Q4";"ESSS";"25.31876138"
"2013-Q4";"AIK";"-3.17567342"
"2013-Q4";"NIK";"0.31889126"
"2014-Q1";"VW";"11.82885906"
"2014-Q1";"EW";"16.29744007"
"2014-Q1";"VP";"45.60394412"
"2014-Q1";"EP";"55.33214138"
"2014-Q1";"SA";"-55.75332794"
"2014-Q1";"EA";"39.76510067"
"2014-Q1";"VL";"-10.49435103"
"2014-Q1";"EL";"1.8832873"
"2014-Q1";"ASSS";"44.09077648"
"2014-Q1";"ZA";"3.48810413"
"2014-Q1";"ESSS";"25.04159734"
"2014-Q1";"AIK";"0.86430601"
"2014-Q1";"NIK";"2.79362012"
"2014-Q2";"VW";"5.45625588"
"2014-Q2";"EW";"4.97007398"
"2014-Q2";"VP";"44.75138122"
"2014-Q2";"EP";"53.12352225"
"2014-Q2";"SA";"-47.83492912"
"2014-Q2";"EA";"30.25447691"
"2014-Q2";"VL";"-6.41125489"
"2014-Q2";"EL";"-0.50176224"
"2014-Q2";"ASSS";"44.09307869"
"2014-Q2";"ZA";"0.73725901"
"2014-Q2";"ESSS";"25.3968254"
"2014-Q2";"AIK";"-0.09733494"
"2014-Q2";"NIK";"-0.30142104"
"2014-Q3";"VW";"6.92520776"
"2014-Q3";"EW";"5.37411508"
"2014-Q3";"VP";"44.55626715"
"2014-Q3";"EP";"53.24570173"
"2014-Q3";"SA";"-50.40544751"
"2014-Q3";"EA";"33.45690454"
"2014-Q3";"VL";"-4.87311832"
"2014-Q3";"EL";"-0.75186633"
"2014-Q3";"ASSS";"47.26646933"
"2014-Q3";"ZA";"9.26577477"
"2014-Q3";"ESSS";"28.47985348"
"2014-Q3";"AIK";"-0.08870058"
"2014-Q3";"NIK";"2.2537263"
"2014-Q4";"VW";"-8.97994769"
"2014-Q4";"EW";"-9.79957418"
"2014-Q4";"VP";"44.61670973"
"2014-Q4";"EP";"48.45224233"
"2014-Q4";"SA";"-54.95842139"
"2014-Q4";"EA";"50.8282476"
"2014-Q4";"VL";"-4.77179444"
"2014-Q4";"EL";"2.00831336"
"2014-Q4";"ASSS";"41.51566472"
"2014-Q4";"ZA";"2.44558115"
"2014-Q4";"ESSS";"19.09328684"
"2014-Q4";"AIK";"-9.8815554"
"2014-Q4";"NIK";"-2.52936853"
"2015-Q1";"VW";"0.92850511"
"2015-Q1";"EW";"-13.64138475"
"2015-Q1";"VP";"32.07720588"
"2015-Q1";"EP";"31.92795033"
"2015-Q1";"SA";"-53.1639606"
"2015-Q1";"EA";"52.08913649"
"2015-Q1";"VL";"-7.9337211"
"2015-Q1";"EL";"0.00517385"
"2015-Q1";"ASSS";"46.53460884"
"2015-Q1";"ZA";"3.44233478"
"2015-Q1";"ESSS";"37.96296296"
"2015-Q1";"AIK";"-6.94059611"
"2015-Q1";"NIK";"-4.5318993"
"2015-Q2";"VW";"-21.99612403"
"2015-Q2";"EW";"-10.23371914"
"2015-Q2";"VP";"-2.78846154"
"2015-Q2";"EP";"9.70954793"
"2015-Q2";"SA";"-71.5327636"
"2015-Q2";"EA";"50.78277886"
"2015-Q2";"VL";"-4.92991125"
"2015-Q2";"EL";"3.18629081"
"2015-Q2";"ASSS";"45.47967516"
"2015-Q2";"ZA";"14.96954078"
"2015-Q2";"ESSS";"30.52837573"
"2015-Q2";"AIK";"-6.82545787"
"2015-Q2";"NIK";"0.7480503"
"2015-Q3";"VW";"-35.59670782"
"2015-Q3";"EW";"-24.3772196"
"2015-Q3";"VP";"-5.05050505"
"2015-Q3";"EP";"16.33874208"
"2015-Q3";"SA";"-77.81225952"
"2015-Q3";"EA";"64.74226804"
"2015-Q3";"VL";"-9.76857093"
"2015-Q3";"EL";"-2.47480997"
"2015-Q3";"ASSS";"41.27096731"
"2015-Q3";"ZA";"6.89695228"
"2015-Q3";"ESSS";"18.36945304"
"2015-Q3";"AIK";"-18.30621114"
"2015-Q3";"NIK";"-7.43091205"
"2015-Q4";"VW";"-29.56273764"
"2015-Q4";"EW";"-12.03615364"
"2015-Q4";"VP";"11.07981221"
"2015-Q4";"EP";"30.87230142"
"2015-Q4";"SA";"-83.13034934"
"2015-Q4";"EA";"73.5042735"
"2015-Q4";"VL";"-8.08330489"
"2015-Q4";"EL";"-1.92600931"
"2015-Q4";"ASSS";"46.66660333"
"2015-Q4";"ZA";"-0.95598723"
"2015-Q4";"ESSS";"22.71442036"
"2015-Q4";"AIK";"-16.18800402"
"2015-Q4";"NIK";"-5.75036377"
"2016-Q1";"VW";"-34.69041561"
"2016-Q1";"EW";"-17.0800404"
"2016-Q1";"VP";"-3.61648444"
"2016-Q1";"EP";"18.6102828"
"2016-Q1";"SA";"-81.59551492"
"2016-Q1";"EA";"68.11594203"
"2016-Q1";"VL";"-7.66294567"
"2016-Q1";"EL";"-1.30828448"
"2016-Q1";"ASSS";"42.96749668"
"2016-Q1";"ZA";"-0.91083969"
"2016-Q1";"ESSS";"28.11176969"
"2016-Q1";"AIK";"-14.59812431"
"2016-Q1";"NIK";"-6.74052756"
"2016-Q2";"VW";"-30.35055351"
"2016-Q2";"EW";"-19.10634303"
"2016-Q2";"VP";"7"
"2016-Q2";"EP";"26.14943572"
"2016-Q2";"SA";"-87.41390594"
"2016-Q2";"EA";"69.90909091"
"2016-Q2";"VL";"-6.97087853"
"2016-Q2";"EL";"-0.42065383"
"2016-Q2";"ASSS";"44.99954075"
"2016-Q2";"ZA";"0.45462335"
"2016-Q2";"ESSS";"27.18181818"
"2016-Q2";"AIK";"-15.56356739"
"2016-Q2";"NIK";"-6.51081301"
"2016-Q3";"VW";"-27.46693795"
"2016-Q3";"EW";"-18.81768269"
"2016-Q3";"VP";"16.7839196"
"2016-Q3";"EP";"30.21158312"
"2016-Q3";"SA";"-77.6460397"
"2016-Q3";"EA";"60.72164948"
"2016-Q3";"VL";"-11.70902383"
"2016-Q3";"EL";"-0.46440634"
"2016-Q3";"ASSS";"38.15638238"
"2016-Q3";"ZA";"0.2040649"
"2016-Q3";"ESSS";"20.25948104"
"2016-Q3";"AIK";"-14.93606437"
"2016-Q3";"NIK";"-7.69676199"
"2016-Q4";"VW";"-18.35564054"
"2016-Q4";"EW";"-2.95414568"
"2016-Q4";"VP";"33.74524715"
"2016-Q4";"EP";"39.43282544"
"2016-Q4";"SA";"-78.26230457"
"2016-Q4";"EA";"57.96545106"
"2016-Q4";"VL";"-10.12416048"
"2016-Q4";"EL";"-4.2191675"
"2016-Q4";"ASSS";"43.63139755"
"2016-Q4";"ZA";"1.18378871"
"2016-Q4";"ESSS";"16.88804554"
"2016-Q4";"AIK";"-12.06267967"
"2016-Q4";"NIK";"-4.02842124"
"2017-Q1";"VW";"-8.69198312"
"2017-Q1";"EW";"13.03669243"
"2017-Q1";"VP";"33.47245409"
"2017-Q1";"EP";"44.21236547"
"2017-Q1";"SA";"-65.16009085"
"2017-Q1";"EA";"48.18871104"
"2017-Q1";"VL";"-13.09939296"
"2017-Q1";"EL";"-2.35328198"
"2017-Q1";"ASSS";"37.8036443"
"2017-Q1";"ZA";"-0.22143931"
"2017-Q1";"ESSS";"21.40439932"
"2017-Q1";"AIK";"-4.02522531"
"2017-Q1";"NIK";"-0.65935546"
"2017-Q2";"VW";"-5.63514804"
"2017-Q2";"EW";"2.56983789"
"2017-Q2";"VP";"35.11235955"
"2017-Q2";"EP";"41.81606909"
"2017-Q2";"SA";"-63.85907907"
"2017-Q2";"EA";"48.43304843"
"2017-Q2";"VL";"-14.00990009"
"2017-Q2";"EL";"-4.02820912"
"2017-Q2";"ASSS";"43.18302602"
"2017-Q2";"ZA";"-5.88229028"
"2017-Q2";"ESSS";"15.19699812"
"2017-Q2";"AIK";"-8.67360538"
"2017-Q2";"NIK";"-5.3376404"
"2017-Q3";"VW";"9.67184801"
"2017-Q3";"EW";"15.95565975"
"2017-Q3";"VP";"40.42918455"
"2017-Q3";"EP";"43.23383633"
"2017-Q3";"SA";"-63.01571218"
"2017-Q3";"EA";"41.0899654"
"2017-Q3";"VL";"-9.58718805"
"2017-Q3";"EL";"-2.63454386"
"2017-Q3";"ASSS";"47.7341254"
"2017-Q3";"ZA";"-3.43702205"
"2017-Q3";"ESSS";"16.88311688"
"2017-Q3";"AIK";"-2.72143316"
"2017-Q3";"NIK";"0.07422645"
"2017-Q4";"VW";"13.35174954"
"2017-Q4";"EW";"17.73111466"
"2017-Q4";"VP";"47.63205829"
"2017-Q4";"EP";"51.76596014"
"2017-Q4";"SA";"-56.79487076"
"2017-Q4";"EA";"39.33823529"
"2017-Q4";"VL";"-11.7795912"
"2017-Q4";"EL";"-4.33116624"
"2017-Q4";"ASSS";"43.60753381"
"2017-Q4";"ZA";"-6.81397992"
"2017-Q4";"ESSS";"21.9266055"
"2017-Q4";"AIK";"-1.00292034"
"2017-Q4";"NIK";"-1.29840567"
"2018-Q1";"VW";"24.43686007"
"2018-Q1";"EW";"30.4477214"
"2018-Q1";"VP";"45.41751527"
"2018-Q1";"EP";"46.36839406"
"2018-Q1";"SA";"-48.30457239"
"2018-Q1";"EA";"25.94631796"
"2018-Q1";"VL";"-21.77679334"
"2018-Q1";"EL";"-3.66020189"
"2018-Q1";"ASSS";"34.73530858"
"2018-Q1";"ZA";"-9.32511836"
"2018-Q1";"ESSS";"15.92312972"
"2018-Q1";"AIK";"4.19108282"
"2018-Q1";"NIK";"-1.07859805"
"2018-Q2";"VW";"18.53411963"
"2018-Q2";"EW";"12.20587977"
"2018-Q2";"VP";"46.40468227"
"2018-Q2";"EP";"56.29303068"
"2018-Q2";"SA";"-47.50498427"
"2018-Q2";"EA";"27.59493671"
"2018-Q2";"VL";"-18.69725369"
"2018-Q2";"EL";"-1.60222934"
"2018-Q2";"ASSS";"40.82717777"
"2018-Q2";"ZA";"-12.45320459"
"2018-Q2";"ESSS";"21.27303183"
"2018-Q2";"AIK";"1.07043639"
"2018-Q2";"NIK";"-5.13670196"
"2018-Q3";"VW";"13.40304183"
"2018-Q3";"EW";"5.82209748"
"2018-Q3";"VP";"51.82755389"
"2018-Q3";"EP";"57.4295575"
"2018-Q3";"SA";"-46.19050967"
"2018-Q3";"EA";"35.00473037"
"2018-Q3";"VL";"-17.03793207"
"2018-Q3";"EL";"-3.76411748"
"2018-Q3";"ASSS";"39.05111924"
"2018-Q3";"ZA";"-7.1773652"
"2018-Q3";"ESSS";"5.55555556"
"2018-Q3";"AIK";"-6.8477987"
"2018-Q3";"NIK";"-5.53932932"
"2018-Q4";"VW";"18.36734694"
"2018-Q4";"EW";"12.2250068"
"2018-Q4";"VP";"57.17722534"
"2018-Q4";"EP";"51.6645718"
"2018-Q4";"SA";"-41.93858958"
"2018-Q4";"EA";"38.32384052"
"2018-Q4";"VL";"-15.84014235"
"2018-Q4";"EL";"-2.40213567"
"2018-Q4";"ASSS";"36.6190087"
"2018-Q4";"ZA";"-7.8042629"
"2018-Q4";"ESSS";"9.25324675"
"2018-Q4";"AIK";"-4.81193066"
"2018-Q4";"NIK";"-3.45538353"
"2019-Q1";"VW";"9.33333333"
"2019-Q1";"EW";"-5.72881062"
"2019-Q1";"VP";"52.25856698"
"2019-Q1";"EP";"56.48122136"
"2019-Q1";"SA";"-36.38956317"
"2019-Q1";"EA";"31.62863887"
"2019-Q1";"VL";"-16.18655066"
"2019-Q1";"EL";"-2.92061046"
"2019-Q1";"ASSS";"37.43521729"
"2019-Q1";"ZA";"-11.04166333"
"2019-Q1";"ESSS";"21.25490196"
"2019-Q1";"AIK";"-4.7557895"
"2019-Q1";"NIK";"-8.96940877"
"2019-Q2";"VW";"4.96"
"2019-Q2";"EW";"-4.49956969"
"2019-Q2";"VP";"48.66352201"
"2019-Q2";"EP";"51.17803005"
"2019-Q2";"SA";"-48.07142793"
"2019-Q2";"EA";"30.73836276"
"2019-Q2";"VL";"-15.12401324"
"2019-Q2";"EL";"-5.89265756"
"2019-Q2";"ASSS";"38.99774635"
"2019-Q2";"ZA";"-11.01829114"
"2019-Q2";"ESSS";"12.39147593"
"2019-Q2";"AIK";"-7.18477852"
"2019-Q2";"NIK";"-9.13363291"
"2019-Q3";"VW";"4.32300163"
"2019-Q3";"EW";"-2.6968746"
"2019-Q3";"VP";"48.13311688"
"2019-Q3";"EP";"47.28434122"
"2019-Q3";"SA";"-46.94211545"
"2019-Q3";"EA";"38.59362224"
"2019-Q3";"VL";"-12.98130515"
"2019-Q3";"EL";"-8.41699795"
"2019-Q3";"ASSS";"34.54796856"
"2019-Q3";"ZA";"-10.8868748"
"2019-Q3";"ESSS";"7.75510204"
"2019-Q3";"AIK";"-10.48809819"
"2019-Q3";"NIK";"-8.74551312"
"2019-Q4";"VW";"-10.48387097"
"2019-Q4";"EW";"-20.21271623"
"2019-Q4";"VP";"44.83586869"
"2019-Q4";"EP";"47.99402194"
"2019-Q4";"SA";"-47.88246543"
"2019-Q4";"EA";"48.42105263"
"2019-Q4";"VL";"-10.87402374"
"2019-Q4";"EL";"-2.90875163"
"2019-Q4";"ASSS";"34.62120083"
"2019-Q4";"ZA";"-8.01267766"
"2019-Q4";"ESSS";"10.43338684"
"2019-Q4";"AIK";"-15.27728341"
"2019-Q4";"NIK";"-10.50204231"
"2020-Q1";"VW";"6.10328638"
"2020-Q1";"EW";"-5.18455559"
"2020-Q1";"VP";"47.36024845"
"2020-Q1";"EP";"54.68326774"
"2020-Q1";"SA";"-44.52357729"
"2020-Q1";"EA";"32.96616837"
"2020-Q1";"VL";"-14.27761784"
"2020-Q1";"EL";"-7.59319856"
"2020-Q1";"ASSS";"41.04567124"
"2020-Q1";"ZA";"-7.91536794"
"2020-Q1";"ESSS";"16.08118657"
"2020-Q1";"AIK";"-7.41568399"
"2020-Q1";"NIK";"-8.74268498"
"2020-Q2";"VW";"-40.2373247"
"2020-Q2";"EW";"-76.94290356"
"2020-Q2";"VP";"29.44"
"2020-Q2";"EP";"58.49790096"
"2020-Q2";"SA";"-73.71238775"
"2020-Q2";"EA";"127.78666667"
"2020-Q2";"VL";"-7.09142377"
"2020-Q2";"EL";"-23.2750703"
"2020-Q2";"ASSS";"34.78716334"
"2020-Q2";"ZA";"-48.58973085"
"2020-Q2";"ESSS";"-0.42780749"
"2020-Q2";"AIK";"-57.10811201"
"2020-Q2";"NIK";"-38.97478212"
"2020-Q3";"VW";"-87.35119048"
"2020-Q3";"EW";"-19.28199832"
"2020-Q3";"VP";"26.80945347"
"2020-Q3";"EP";"43.13940152"
"2020-Q3";"SA";"-114.30222957"
"2020-Q3";"EA";"111.43695015"
"2020-Q3";"VL";"-10.05266863"
"2020-Q3";"EL";"-4.77801088"
"2020-Q3";"ASSS";"43.20217952"
"2020-Q3";"ZA";"-17.67601313"
"2020-Q3";"ESSS";"17.71682728"
"2020-Q3";"AIK";"-29.44503302"
"2020-Q3";"NIK";"-12.94717274"
"2020-Q4";"VW";"-94.25872093"
"2020-Q4";"EW";"-15.20942816"
"2020-Q4";"VP";"23.23379461"
"2020-Q4";"EP";"35.7496414"
"2020-Q4";"SA";"-121.38851343"
"2020-Q4";"EA";"111.64135936"
"2020-Q4";"VL";"-14.83054125"
"2020-Q4";"EL";"-6.67714631"
"2020-Q4";"ASSS";"43.35053279"
"2020-Q4";"ZA";"-15.33321105"
"2020-Q4";"ESSS";"16.73881674"
"2020-Q4";"AIK";"-29.19727928"
"2020-Q4";"NIK";"-13.01258169"
"2021-Q1";"VW";"-94.04682274"
"2021-Q1";"EW";"-16.45011517"
"2021-Q1";"VP";"18.04713805"
"2021-Q1";"EP";"43.9224848"
"2021-Q1";"SA";"-122.75448503"
"2021-Q1";"EA";"114.78494624"
"2021-Q1";"VL";"-12.48740699"
"2021-Q1";"EL";"-6.95272813"
"2021-Q1";"ASSS";"43.13458811"
"2021-Q1";"ZA";"-19.4666407"
"2021-Q1";"ESSS";"17.17171717"
"2021-Q1";"AIK";"-30.25401809"
"2021-Q1";"NIK";"-13.83922275"
"2021-Q2";"VW";"-90.29202841"
"2021-Q2";"EW";"5.61224958"
"2021-Q2";"VP";"29.67382657"
"2021-Q2";"EP";"60.5646015"
"2021-Q2";"SA";"-120.1178827"
"2021-Q2";"EA";"90.15748031"
"2021-Q2";"VL";"-11.80994338"
"2021-Q2";"EL";"-5.98277912"
"2021-Q2";"ASSS";"40.83898749"
"2021-Q2";"ZA";"-13.49562837"
"2021-Q2";"ESSS";"17.6703645"
"2021-Q2";"AIK";"-18.21441134"
"2021-Q2";"NIK";"-6.41902532"
"2021-Q3";"VW";"-41.70040486"
"2021-Q3";"EW";"47.7892852"
"2021-Q3";"VP";"58.71485944"
"2021-Q3";"EP";"73.9156212"
"2021-Q3";"SA";"-86.72482847"
"2021-Q3";"EA";"28.67528271"
"2021-Q3";"VL";"-7.91693359"
"2021-Q3";"EL";"2.5707863"
"2021-Q3";"ASSS";"43.06805384"
"2021-Q3";"ZA";"-12.48702135"
"2021-Q3";"ESSS";"17.29686243"
"2021-Q3";"AIK";"9.7454128"
"2021-Q3";"NIK";"7.48902914"
"2021-Q4";"VW";"-19.66527197"
"2021-Q4";"EW";"43.28550652"
"2021-Q4";"VP";"69.82543641"
"2021-Q4";"EP";"74.76813586"
"2021-Q4";"SA";"-73.73444361"
"2021-Q4";"EA";"23.55889724"
"2021-Q4";"VL";"-10.12598222"
"2021-Q4";"EL";"-0.76786116"
"2021-Q4";"ASSS";"38.34226075"
"2021-Q4";"ZA";"-17.93627021"
"2021-Q4";"ESSS";"18.86001676"
"2021-Q4";"AIK";"9.45469122"
"2021-Q4";"NIK";"3.61384823"
"2022-Q1";"VW";"-22.79245283"
"2022-Q1";"EW";"21.16039337"
"2022-Q1";"VP";"82.8125"
"2022-Q1";"EP";"93.64446731"
"2022-Q1";"SA";"-59.49112615"
"2022-Q1";"EA";"29.34537246"
"2022-Q1";"VL";"-9.64129858"
"2022-Q1";"EL";"-3.19308404"
"2022-Q1";"ASSS";"43.36010117"
"2022-Q1";"ZA";"-23.10563877"
"2022-Q1";"ESSS";"21.84684685"
"2022-Q1";"AIK";"2.61719593"
"2022-Q1";"NIK";"-3.69490701"
"2022-Q2";"VW";"-24.89522213"
"2022-Q2";"EW";"-30.95502846"
"2022-Q2";"VP";"103.48547718"
"2022-Q2";"EP";"122.19167247"
"2022-Q2";"SA";"-31.37005009"
"2022-Q2";"EA";"30.54852321"
"2022-Q2";"VL";"-21.88884401"
"2022-Q2";"EL";"-24.94849064"
"2022-Q2";"ASSS";"36.21377647"
"2022-Q2";"ZA";"-32.43459371"
"2022-Q2";"ESSS";"9.83193277"
"2022-Q2";"AIK";"-19.15502738"
"2022-Q2";"NIK";"-27.5567392"
"2022-Q3";"VW";"-51.81598063"
"2022-Q3";"EW";"-53.92455792"
"2022-Q3";"VP";"127.38955823"
"2022-Q3";"EP";"115.22809051"
"2022-Q3";"SA";"-26.68206908"
"2022-Q3";"EA";"27.16150082"
"2022-Q3";"VL";"-35.132507"
"2022-Q3";"EL";"-34.83112294"
"2022-Q3";"ASSS";"31.52673591"
"2022-Q3";"ZA";"-43.26354531"
"2022-Q3";"ESSS";"4.9273021"
"2022-Q3";"AIK";"-27.74746989"
"2022-Q3";"NIK";"-41.78793329"
"2022-Q4";"VW";"-59.90950226"
"2022-Q4";"EW";"-57.39094704"
"2022-Q4";"VP";"130.65825068"
"2022-Q4";"EP";"104.4707346"
"2022-Q4";"SA";"-24.98961973"
"2022-Q4";"EA";"39.39114391"
"2022-Q4";"VL";"-39.74644423"
"2022-Q4";"EL";"-46.9315747"
"2022-Q4";"ASSS";"29.09284741"
"2022-Q4";"ZA";"-42.03224998"
"2022-Q4";"ESSS";"-2.91704649"
"2022-Q4";"AIK";"-36.65767803"
"2022-Q4";"NIK";"-46.52530399"
